One Blenheim Terrace,4e7249e9aeb79ea09553f54c
Bread Street Kitchen,4e1ed9ddae60cd553deae5cd
Duck Soup,4e85ad77e5fab0fb1125fc54
10 Cases,4e653257b993678bb7ca6e65
Wolfgang Puck's Cut,4d658fad129d60fc8cb814c2
36,4ac518b8f964a52076a120e3
Senkai,4e569e0b1f6ecd24d016177d
Meatballs,4e3a64ff091a8068d7605b05
Roti Chai,4e578dbfb9935d203cf9b155
Suda,4e104d56922ec672352e7631
Elliot's Cafe,4dfce79d45ddebdfeaac268e
Hedone,4e53a7e0d4c05e0079f45971
Devonshire Arms,4e53a7e0d4c05e0079f45971
The Gallery,4b4e0168f964a520dcdd26e3
Assaggini,4e14f263d4c0e3d78b28e1e7
,
,
,
,
,
,
,
,
,
,
,
,
,
,
,
,
,
,
,
,
,
,
,
,
,
,
,
,
,
,
,
,
,
,
,
,
,
,
,
,
,
,
,
,
,
,
,
,
,
,
,
,
,
,
,
,
,
,
,
,
,
,
,
,
,
,
,
,
,
,
,
,
,
,
,
,
,
,
,
,
,
,
,
,
,
,
,
,
,
,
,
,
,
,
,
,
,
,
,
,
,
,
,
,
,
,
,
,
,
,
,
,
,
,
,
,
,
,
,
,
,
,
,
,
,
,
,
,
,
,
,
,
,
,
,
,
,
,
,
,
,
,
,
,
,
,
,
,
,
,
,
,
,
,
,
,
,
,
,
,
,
,
,
,
,
,
,
,
,
,
,
,
,
,
,
,
,
